BARCODE	ARR_DESIGN	EXP_ID	GROUP_ID	INDIVIDUAL_ID	ORGAN_ID	MATERIAL_ID	COMPOUND_NAME	COMPOUND Abbr.	COMPOUND_NO	SPECIES	TEST_TYPE	SIN_REP_TYPE	SEX_TYPE	STRAIN_TYPE	ADM_ROUTE_TYPE	ANIMAL_AGE(week)	SACRI_PERIOD	DOSE	DOSE_UNIT	DOSE_LEVEL	TERMINAL_BW(g)	LIVER(g)	KIDNEY_TOTAL(g)	KIDNEY_R(g)	KIDNEY_L(g)	RBC(x10_4/ul)	Hb(g/dL)	Ht(%)	MCV(fL)	MCH(pg)	MCHC(%)	Ret(%)	Plat(x10_4/uL)	WBC(x10_2/uL)	Neu(%)	Eos(%)	Bas(%)	Mono(%)	Lym(%)	PT(s)	APTT(s)	Fbg(mg/dL)	ALP(IU/L)	TC(mg/dL)	TG(mg/dL)	PL(mg/dL)	TBIL(mg/dL)	DBIL(mg/dL)	GLC(mg/dL)	BUN(mg/dL)	CRE(mg/dL)	Na(meq/L)	K(meq/L)	Cl(meq/L)	Ca(mg/dL)	IP(mg/dL)	TP(g/dL)	RALB(g/dL)	A/G	AST(IU/L)	ALT(IU/L)	LDH(IU/L)	GTP(IU/L)	DNA(%)	LDH(%)
No ChipData	NA	0510	01	1	Liver	NA	acarbose	ACA	00116	Rat	in vivo	Single	Male	Crj:CD(SD)IGS	Gavage	6	3 hr	0	mg/kg	Control	188.9	9.264	1.696	0.826	0.87	647	13.6	42.1	65.1	21.1	32.4	7.8	105.1	136.1	15	1	0	4	79	13.2	17	310	1362	68	38	116	0.06	0	174	10	0.2	140	3.9	103	10.6	7.7	5.2	2.5	0.9	77	39	47	1	NA	NA
003017401004	Rat230_2	0510	01	2	Liver	A	acarbose	ACA	00116	Rat	in vivo	Single	Male	Crj:CD(SD)IGS	Gavage	6	3 hr	0	mg/kg	Control	193.2	9.092	1.775	0.903	0.872	635	13.2	40	63	20.8	33	8.1	121.8	133.6	13	0	1	2	84	13.5	15	263	1657	86	49	143	0.06	0	171	10	0.2	142	3.8	106	10.6	9.2	5.1	2.4	0.9	76	39	75	1	NA	NA
003017401005	Rat230_2	0510	01	3	Liver	A	acarbose	ACA	00116	Rat	in vivo	Single	Male	Crj:CD(SD)IGS	Gavage	6	3 hr	0	mg/kg	Control	196.7	8.259	1.602	0.809	0.793	643	13.3	41.1	63.8	20.8	32.5	8.6	121.9	79.1	17	1	0	2	79	13.6	16.7	258	1182	68	31	123	0.07	0.01	169	10	0.2	140	4	106	10.6	8.8	5.1	2.4	0.9	75	37	70	1	NA	NA
003017401006	Rat230_2	0510	01	4	Liver	A	acarbose	ACA	00116	Rat	in vivo	Single	Male	Crj:CD(SD)IGS	Gavage	6	3 hr	0	mg/kg	Control	202.7	8.772	1.824	0.908	0.916	629	13.4	41	65.3	21.3	32.7	8.2	122.3	48.5	17	1	0	2	79	13.9	18.3	261	1772	65	77	132	0.05	0.01	181	10	0.2	142	4.2	107	10.7	10.2	5.1	2.5	1	69	29	50	1	NA	NA
No ChipData	NA	0510	01	5	Liver	NA	acarbose	ACA	00116	Rat	in vivo	Single	Male	Crj:CD(SD)IGS	Gavage	6	3 hr	0	mg/kg	Control	203.1	8.859	1.926	0.943	0.983	685	13.7	42.1	61.5	20	32.5	7.8	111.3	88	22	1	0	3	72	13.7	17.4	283	1526	81	39	151	0.06	0.01	178	12	0.2	143	4.2	104	11.1	11.6	5.4	2.6	0.9	66	36	49	1	NA	NA
003017401016	Rat230_2	0510	02	1	Liver	A	acarbose	ACA	00116	Rat	in vivo	Single	Male	Crj:CD(SD)IGS	Gavage	6	6 hr	0	mg/kg	Control	193.9	8.591	1.802	0.881	0.921	639	13.2	41.2	64.5	20.7	32.1	7.9	120.9	81.9	16	0	0	2	82	13	18.6	310	1482	74	112	144	0.07	0.01	171	8	0.2	142	3.3	104	10.8	9.4	5.1	2.4	0.9	77	35	61	2	NA	NA
No ChipData	NA	0510	02	2	Liver	NA	acarbose	ACA	00116	Rat	in vivo	Single	Male	Crj:CD(SD)IGS	Gavage	6	6 hr	0	mg/kg	Control	204.9	8.81	1.849	0.917	0.932	658	13.2	40.4	61.4	20.1	32.7	8.7	132.4	83.6	27	1	0	4	67	13.8	16.8	267	1408	75	122	139	0.06	0	165	8	0.2	140	3.8	104	10.4	10.7	5.4	2.6	0.9	67	37	72	2	NA	NA
No ChipData	NA	0510	02	3	Liver	NA	acarbose	ACA	00116	Rat	in vivo	Single	Male	Crj:CD(SD)IGS	Gavage	6	6 hr	0	mg/kg	Control	190.9	8.02	1.841	0.934	0.907	646	13.3	41.7	64.5	20.6	31.9	7.9	129.9	58.6	25	1	0	4	69	13.5	17.4	297	1676	65	79	136	0.07	0.01	171	10	0.2	142	3.6	104	10.7	10.8	5.3	2.5	0.9	65	29	71	1	NA	NA
003017401017	Rat230_2	0510	02	4	Liver	A	acarbose	ACA	00116	Rat	in vivo	Single	Male	Crj:CD(SD)IGS	Gavage	6	6 hr	0	mg/kg	Control	194.9	7.544	1.998	0.997	1.001	606	13.3	40.8	67.3	22	32.7	9	113.4	76.4	21	1	0	2	75	14	16.2	293	1355	81	24	140	0.06	0	162	8	0.2	141	3.9	106	10.1	10.7	5	2.4	0.9	68	33	66	1	NA	NA
003017401018	Rat230_2	0510	02	5	Liver	A	acarbose	ACA	00116	Rat	in vivo	Single	Male	Crj:CD(SD)IGS	Gavage	6	6 hr	0	mg/kg	Control	200.8	8.021	1.902	0.939	0.963	600	12.9	40.1	66.9	21.6	32.2	8.4	130.4	70.7	23	0	1	1	75	14.2	16.9	263	1415	72	25	125	0.06	0	161	10	0.2	143	4	105	10.7	10.2	5.1	2.4	0.9	84	42	55	1	NA	NA
003017400010	Rat230_2	0510	03	1	Liver	A	acarbose	ACA	00116	Rat	in vivo	Single	Male	Crj:CD(SD)IGS	Gavage	6	9 hr	0	mg/kg	Control	195.5	8.359	1.711	0.874	0.837	647	13.3	40.8	63.1	20.5	32.5	7.1	136.4	98	18	1	0	2	78	13.9	16.8	307	1358	76	58	134	0.06	0.01	183	9	0.2	140	3.6	103	10.3	10	5.2	2.5	0.9	72	40	57	2	NA	NA
003017400011	Rat230_2	0510	03	2	Liver	A	acarbose	ACA	00116	Rat	in vivo	Single	Male	Crj:CD(SD)IGS	Gavage	6	9 hr	0	mg/kg	Control	199.3	8.442	2	0.976	1.024	597	12.6	39.2	65.7	21.2	32.2	8.8	122.2	92.5	16	1	0	1	81	13.4	16.5	287	1889	80	100	144	0.06	0.01	199	7	0.2	140	4.1	104	10.5	9.3	5	2.4	0.9	72	34	78	1	NA	NA
003017400012	Rat230_2	0510	03	3	Liver	A	acarbose	ACA	00116	Rat	in vivo	Single	Male	Crj:CD(SD)IGS	Gavage	6	9 hr	0	mg/kg	Control	192.8	7.501	1.747	0.869	0.878	625	13	39.9	63.8	20.8	32.6	8.9	100.4	81.8	14	0	0	2	82	13.8	16	276	1373	61	42	114	0.06	0.01	162	8	0.2	140	4.1	104	10.4	10.3	5.1	2.4	0.9	64	31	59	1	NA	NA
No ChipData	NA	0510	03	4	Liver	NA	acarbose	ACA	00116	Rat	in vivo	Single	Male	Crj:CD(SD)IGS	Gavage	6	9 hr	0	mg/kg	Control	187.9	7.358	1.765	0.878	0.887	651	13.7	42.4	65.2	21.1	32.3	8.4	140.3	92.2	35	1	0	2	61	13.6	15.6	350	1444	75	34	133	0.06	0	159	9	0.2	142	4.1	107	10.2	10.2	5.4	2.6	0.9	71	35	69	1	NA	NA
No ChipData	NA	0510	03	5	Liver	NA	acarbose	ACA	00116	Rat	in vivo	Single	Male	Crj:CD(SD)IGS	Gavage	6	9 hr	0	mg/kg	Control	216.5	9.043	1.86	0.912	0.948	627	13.2	41.4	66	21.1	31.9	8.7	115.2	86.4	22	1	0	2	74	13.5	26.8	313	1274	76	28	143	0.06	0	186	10	0.2	142	3.7	103	10.7	11	5.4	2.5	0.9	68	36	56	1	NA	NA
003017400022	Rat230_2	0510	04	1	Liver	A	acarbose	ACA	00116	Rat	in vivo	Single	Male	Crj:CD(SD)IGS	Gavage	6	24 hr	0	mg/kg	Control	214	9.685	2.063	1.007	1.056	639	13.3	39.4	61.7	20.8	33.6	7.7	122.3	74.6	13	1	0	5	80	13.1	16.5	268	1541	100	51	163	0.06	0	194	16	0.2	140	3.7	101	10.6	7.9	5.3	2.5	0.9	66	33	52	1	NA	NA
003017400023	Rat230_2	0510	04	2	Liver	A	acarbose	ACA	00116	Rat	in vivo	Single	Male	Crj:CD(SD)IGS	Gavage	6	24 hr	0	mg/kg	Control	211	9.811	1.901	0.975	0.926	704	14	42.6	60.4	19.9	32.9	6.8	132.8	94.8	22	1	0	3	74	13.5	16.9	244	1517	64	51	126	0.06	0.01	178	14	0.2	140	4	103	10.7	8.9	5.2	2.5	0.9	72	44	79	1	NA	NA
No ChipData	NA	0510	04	3	Liver	NA	acarbose	ACA	00116	Rat	in vivo	Single	Male	Crj:CD(SD)IGS	Gavage	6	24 hr	0	mg/kg	Control	215.7	10.578	1.879	0.932	0.947	614	13.5	41.2	67	21.9	32.7	9.1	107	98.8	26	1	0	3	69	12.7	16.4	258	1214	72	73	129	0.07	0.01	174	15	0.2	141	4.3	104	10.7	7.9	5.3	2.5	0.9	67	39	73	1	NA	NA
003017400024	Rat230_2	0510	04	4	Liver	A	acarbose	ACA	00116	Rat	in vivo	Single	Male	Crj:CD(SD)IGS	Gavage	6	24 hr	0	mg/kg	Control	214.3	9.708	1.864	0.936	0.928	602	12.4	37.7	62.6	20.6	32.9	8.1	103	66.2	25	1	0	3	70	13	16.7	279	1245	72	47	135	0.06	0.01	171	12	0.2	142	4	105	10.8	8.6	5.2	2.4	0.9	83	54	54	1	NA	NA
No ChipData	NA	0510	04	5	Liver	NA	acarbose	ACA	00116	Rat	in vivo	Single	Male	Crj:CD(SD)IGS	Gavage	6	24 hr	0	mg/kg	Control	202.1	9.058	1.763	0.858	0.905	624	12.6	39.4	63.2	20.3	32.1	7.6	102	74	21	1	0	2	75	13.2	30.6	299	1392	82	74	146	0.06	0	162	14	0.2	144	3.7	106	10.8	8.1	5.5	2.6	0.9	70	41	46	1	NA	NA
No ChipData	NA	0510	05	1	Liver	NA	acarbose	ACA	00116	Rat	in vivo	Single	Male	Crj:CD(SD)IGS	Gavage	6	3 hr	100	mg/kg	Low	209.3	8.972	1.771	0.882	0.889	627	13.3	40.6	64.8	21.2	32.7	8.5	112.8	149.6	8	0	1	1	89	13.9	16.2	276	1757	68	58	139	0.06	0.01	177	12	0.2	140	4	103	10.7	9	5.1	2.4	0.9	80	41	63	1	NA	NA
No ChipData	NA	0510	05	2	Liver	NA	acarbose	ACA	00116	Rat	in vivo	Single	Male	Crj:CD(SD)IGS	Gavage	6	3 hr	100	mg/kg	Low	195.7	8.859	1.747	0.873	0.874	621	13.6	41.8	67.4	22	32.6	8.1	116.2	88.7	15	1	0	2	81	13.3	16.4	263	1431	75	27	128	0.06	0	182	11	0.2	143	3.4	107	10.5	9	5.2	2.4	0.9	77	43	66	1	NA	NA
003017401007	Rat230_2	0510	05	3	Liver	A	acarbose	ACA	00116	Rat	in vivo	Single	Male	Crj:CD(SD)IGS	Gavage	6	3 hr	100	mg/kg	Low	193.9	8.024	1.727	0.88	0.847	682	14	42.8	62.8	20.6	32.7	7.8	111.3	82.8	19	1	0	2	77	13.9	17.8	265	1041	76	38	125	0.06	0	182	8	0.2	141	3.8	103	10.6	9.9	5.3	2.6	1	71	37	54	1	NA	NA
003017401008	Rat230_2	0510	05	4	Liver	A	acarbose	ACA	00116	Rat	in vivo	Single	Male	Crj:CD(SD)IGS	Gavage	6	3 hr	100	mg/kg	Low	200.7	8.395	1.832	0.922	0.91	606	13	39.8	65.6	21.5	32.8	8.6	123.6	78.7	20	1	0	2	76	13.1	15.6	281	1392	75	38	137	0.07	0.01	163	11	0.2	140	3.8	105	10.6	10.3	4.9	2.4	1	75	35	66	1	NA	NA
003017401009	Rat230_2	0510	05	5	Liver	A	acarbose	ACA	00116	Rat	in vivo	Single	Male	Crj:CD(SD)IGS	Gavage	6	3 hr	100	mg/kg	Low	188.8	8.454	1.836	0.961	0.875	659	13.4	41.7	63.4	20.3	32.1	7.8	127.7	48	27	1	0	3	69	13.6	17.4	288	1427	83	35	153	0.06	0	157	10	0.2	142	3.8	105	10.9	11.4	5.2	2.5	0.9	85	40	51	1	NA	NA
No ChipData	NA	0510	06	1	Liver	NA	acarbose	ACA	00116	Rat	in vivo	Single	Male	Crj:CD(SD)IGS	Gavage	6	6 hr	100	mg/kg	Low	189.9	8.382	1.887	0.953	0.934	608	13.2	40.6	66.7	21.7	32.5	9.2	116.1	90.2	14	1	0	2	82	13.1	15.2	311	1044	56	31	94	0.06	0	152	8	0.2	139	3.9	102	10.8	9.9	5.2	2.5	0.9	66	35	60	1	NA	NA
003017401019	Rat230_2	0510	06	2	Liver	A	acarbose	ACA	00116	Rat	in vivo	Single	Male	Crj:CD(SD)IGS	Gavage	6	6 hr	100	mg/kg	Low	195.1	7.596	1.684	0.868	0.816	629	13.3	41	65.2	21.2	32.5	8.2	111	76.1	16	1	0	2	80	13.4	15.9	270	1154	73	24	127	0.06	0	163	9	0.2	142	3.8	107	10.5	9.4	4.9	2.3	0.9	73	33	61	1	NA	NA
003017401020	Rat230_2	0510	06	3	Liver	A	acarbose	ACA	00116	Rat	in vivo	Single	Male	Crj:CD(SD)IGS	Gavage	6	6 hr	100	mg/kg	Low	193.3	8.205	1.861	0.927	0.934	663	13.7	42.6	64.2	20.7	32.2	8.1	101.5	86.6	22	1	0	3	73	13	15.5	301	1399	98	46	158	0.06	0	176	9	0.2	140	3.6	103	10.9	10.1	5.4	2.6	0.9	67	37	42	1	NA	NA
No ChipData	NA	0510	06	4	Liver	NA	acarbose	ACA	00116	Rat	in vivo	Single	Male	Crj:CD(SD)IGS	Gavage	6	6 hr	100	mg/kg	Low	213.8	9.483	1.925	0.966	0.959	655	13.5	42.5	65	20.6	31.7	9.2	117.5	87.8	25	1	0	2	71	13.3	17	335	1052	87	37	158	0.07	0.01	169	9	0.2	142	3.9	104	11	10.6	5.3	2.5	0.9	70	32	80	1	NA	NA
003017401021	Rat230_2	0510	06	5	Liver	A	acarbose	ACA	00116	Rat	in vivo	Single	Male	Crj:CD(SD)IGS	Gavage	6	6 hr	100	mg/kg	Low	198.2	7.667	1.941	0.961	0.98	629	13.2	40.6	64.6	21	32.6	9.1	142.4	66	12	1	0	2	85	13.9	16.2	319	1961	72	17	132	0.06	0	181	7	0.2	142	3.8	105	10.8	10.8	5.2	2.5	0.9	63	36	49	1	NA	NA
003017400013	Rat230_2	0510	07	1	Liver	A	acarbose	ACA	00116	Rat	in vivo	Single	Male	Crj:CD(SD)IGS	Gavage	6	9 hr	100	mg/kg	Low	192.5	8.158	1.743	0.884	0.859	647	13.3	41	63.4	20.5	32.3	8	127.6	86.4	12	1	0	3	83	13.4	19.2	292	1478	71	45	130	0.06	0	179	7	0.2	139	3.8	103	10.5	9.3	5.3	2.5	0.9	71	40	60	1	NA	NA
003017400014	Rat230_2	0510	07	2	Liver	A	acarbose	ACA	00116	Rat	in vivo	Single	Male	Crj:CD(SD)IGS	Gavage	6	9 hr	100	mg/kg	Low	194.8	7.18	1.75	0.854	0.896	657	12.7	39.3	59.8	19.4	32.4	8	111.2	68.6	22	1	0	3	74	13.4	16.8	296	1195	89	99	143	0.05	0	176	8	0.2	141	4.3	106	10.3	9.9	5.2	2.5	0.9	69	33	69	1	NA	NA
003017400015	Rat230_2	0510	07	3	Liver	A	acarbose	ACA	00116	Rat	in vivo	Single	Male	Crj:CD(SD)IGS	Gavage	6	9 hr	100	mg/kg	Low	198.5	8.378	1.932	0.946	0.986	611	13.2	41.6	68.1	21.7	31.8	9.4	134.8	67.6	25	1	0	3	71	13.5	16.7	278	1309	78	49	148	0.06	0	169	8	0.2	142	3.7	105	10.5	9.8	5.5	2.6	0.9	67	39	63	1	NA	NA
No ChipData	NA	0510	07	4	Liver	NA	acarbose	ACA	00116	Rat	in vivo	Single	Male	Crj:CD(SD)IGS	Gavage	6	9 hr	100	mg/kg	Low	188.5	7.53	1.741	0.896	0.845	633	12.9	40.7	64.3	20.5	31.8	8.3	129.2	69.6	12	0	0	2	84	13.3	18.9	319	1306	96	48	157	0.05	0	183	9	0.2	144	3.9	107	10.7	10.7	5.3	2.5	0.9	66	35	78	1	NA	NA
No ChipData	NA	0510	07	5	Liver	NA	acarbose	ACA	00116	Rat	in vivo	Single	Male	Crj:CD(SD)IGS	Gavage	6	9 hr	100	mg/kg	Low	203.2	8.328	1.914	0.921	0.993	624	13	39.9	63.9	20.9	32.7	7.9	119	66	21	1	0	2	75	13.2	12.9	334	1082	93	67	174	0.07	0	184	8	0.2	142	3.8	104	10.8	10.4	5.4	2.6	0.9	69	32	51	1	NA	NA
No ChipData	NA	0510	08	1	Liver	NA	acarbose	ACA	00116	Rat	in vivo	Single	Male	Crj:CD(SD)IGS	Gavage	6	24 hr	100	mg/kg	Low	207.5	10.046	1.672	0.836	0.836	587	12.6	38.1	64.9	21.5	33.2	8.2	112.9	139.4	16	1	0	3	79	13.4	17.7	240	1339	67	100	142	0.05	0.01	190	13	0.2	142	3.8	104	10.7	6.7	5.2	2.5	0.9	71	39	47	1	NA	NA
No ChipData	NA	0510	08	2	Liver	NA	acarbose	ACA	00116	Rat	in vivo	Single	Male	Crj:CD(SD)IGS	Gavage	6	24 hr	100	mg/kg	Low	222.7	11.268	1.947	0.973	0.974	632	13.4	41.7	66	21.3	32.2	9	111.5	90.1	18	1	0	2	78	13	15.6	265	1439	75	88	144	0.05	0.01	168	19	0.2	142	4.2	106	10.9	7.9	5.5	2.5	0.8	78	50	78	1	NA	NA
003017400025	Rat230_2	0510	08	3	Liver	A	acarbose	ACA	00116	Rat	in vivo	Single	Male	Crj:CD(SD)IGS	Gavage	6	24 hr	100	mg/kg	Low	209.8	9.622	1.777	0.886	0.891	683	14	42.3	62	20.5	33	6.7	129.9	84	22	1	0	3	73	12.3	13.8	315	1735	80	102	151	0.05	0.01	164	14	0.2	143	4.1	106	11	8.8	5.5	2.6	0.9	79	55	64	1	NA	NA
003017400026	Rat230_2	0510	08	4	Liver	A	acarbose	ACA	00116	Rat	in vivo	Single	Male	Crj:CD(SD)IGS	Gavage	6	24 hr	100	mg/kg	Low	215.4	10.361	2.049	1.033	1.016	671	13.6	41.8	62.2	20.2	32.5	7.6	96.7	87.5	22	1	0	2	75	12.8	23.6	302	1080	77	54	146	0.07	0.01	172	12	0.2	143	4.1	104	10.9	9.7	5.5	2.6	0.9	68	40	49	1	NA	NA
003017400027	Rat230_2	0510	08	5	Liver	A	acarbose	ACA	00116	Rat	in vivo	Single	Male	Crj:CD(SD)IGS	Gavage	6	24 hr	100	mg/kg	Low	210.9	9.762	1.819	0.899	0.92	634	13.3	40.9	64.5	21	32.5	8	119.7	85.5	18	1	0	3	77	13.7	17.5	309	1319	64	37	121	0.06	0	160	14	0.2	143	4.2	107	10.9	8.2	5.6	2.7	0.9	74	39	51	1	NA	NA
No ChipData	NA	0510	09	1	Liver	NA	acarbose	ACA	00116	Rat	in vivo	Single	Male	Crj:CD(SD)IGS	Gavage	6	3 hr	300	mg/kg	Middle	190.9	8.583	1.726	0.838	0.888	648	13.7	41.4	63.9	21.1	33	7.7	124.1	121.7	16	1	0	3	80	13.5	15.6	289	1886	61	35	116	0.07	0	180	10	0.2	141	4.4	107	10.4	8	5.1	2.4	0.9	87	41	72	1	NA	NA
003017401010	Rat230_2	0510	09	2	Liver	A	acarbose	ACA	00116	Rat	in vivo	Single	Male	Crj:CD(SD)IGS	Gavage	6	3 hr	300	mg/kg	Middle	194.4	8.726	1.791	0.856	0.935	660	13.4	40.8	61.8	20.4	32.9	7.4	104.6	60.1	9	1	0	2	87	13.3	15.8	310	1046	102	71	162	0.07	0	167	10	0.2	142	4.2	106	10.9	9.8	5.4	2.5	0.9	68	30	56	1	NA	NA
003017401011	Rat230_2	0510	09	3	Liver	A	acarbose	ACA	00116	Rat	in vivo	Single	Male	Crj:CD(SD)IGS	Gavage	6	3 hr	300	mg/kg	Middle	198.2	9.032	1.796	0.902	0.894	654	13.7	42.3	64.6	20.9	32.3	7.3	97.7	54.4	14	0	0	2	83	13.1	21	288	1485	82	79	143	0.07	0.01	170	10	0.2	142	3.8	105	10.9	10	5.3	2.5	0.9	69	33	76	1	NA	NA
No ChipData	NA	0510	09	4	Liver	NA	acarbose	ACA	00116	Rat	in vivo	Single	Male	Crj:CD(SD)IGS	Gavage	6	3 hr	300	mg/kg	Middle	212.9	9.243	2.008	1.023	0.985	592	12.9	39.4	66.6	21.7	32.6	10.3	130	86.9	19	1	0	2	77	13.4	18.2	281	1306	86	42	146	0.05	0	168	10	0.2	140	4	103	11.4	9.7	5.2	2.5	0.9	75	38	65	1	NA	NA
003017401012	Rat230_2	0510	09	5	Liver	A	acarbose	ACA	00116	Rat	in vivo	Single	Male	Crj:CD(SD)IGS	Gavage	6	3 hr	300	mg/kg	Middle	202.7	9.381	2.024	0.999	1.025	626	13.8	43	68.7	22.1	32.1	10.9	119.1	90.1	31	1	0	5	62	13.8	13.8	285	1381	68	31	133	0.07	0.01	177	9	0.2	141	3.7	102	11.1	12.4	5.1	2.5	1	78	36	70	2	NA	NA
003017401022	Rat230_2	0510	10	1	Liver	A	acarbose	ACA	00116	Rat	in vivo	Single	Male	Crj:CD(SD)IGS	Gavage	6	6 hr	300	mg/kg	Middle	198.1	8.194	1.613	0.791	0.822	631	13.1	39.7	62.9	20.8	33	8.5	121.4	131.1	11	1	0	2	85	13.5	18	275	1676	65	59	136	0.07	0.01	162	9	0.2	141	3.9	103	10.8	10.2	5.3	2.5	0.9	71	31	43	1	NA	NA
003017401023	Rat230_2	0510	10	2	Liver	A	acarbose	ACA	00116	Rat	in vivo	Single	Male	Crj:CD(SD)IGS	Gavage	6	6 hr	300	mg/kg	Middle	197.2	8.128	1.847	0.908	0.939	647	13.2	41.5	64.2	20.5	31.9	8.2	118.6	62.8	15	1	0	6	78	13.7	16.9	246	1367	71	46	126	0.05	0	158	10	0.2	141	4	105	10.6	9.6	5.1	2.4	0.9	72	29	53	1	NA	NA
No ChipData	NA	0510	10	3	Liver	NA	acarbose	ACA	00116	Rat	in vivo	Single	Male	Crj:CD(SD)IGS	Gavage	6	6 hr	300	mg/kg	Middle	204.4	8.219	1.801	0.919	0.882	625	13.3	41.2	65.9	21.3	32.2	9.3	123.2	89	22	1	0	3	74	13.3	16	293	1186	75	40	135	0.06	0	168	10	0.2	142	4.1	103	10.8	10.8	5.3	2.5	0.9	72	41	69	1	NA	NA
003017401024	Rat230_2	0510	10	4	Liver	A	acarbose	ACA	00116	Rat	in vivo	Single	Male	Crj:CD(SD)IGS	Gavage	6	6 hr	300	mg/kg	Middle	202.7	8.835	1.914	0.966	0.948	632	13.1	40.6	64.3	20.7	32.1	8.5	124.3	91.9	34	1	0	2	62	13.3	15.9	326	1309	75	28	138	0.06	0.01	160	10	0.2	142	3.8	104	10.9	10	5.3	2.5	0.9	67	34	49	1	NA	NA
No ChipData	NA	0510	10	5	Liver	NA	acarbose	ACA	00116	Rat	in vivo	Single	Male	Crj:CD(SD)IGS	Gavage	6	6 hr	300	mg/kg	Middle	190.9	7.498	1.716	0.862	0.854	640	13.2	40.2	62.8	20.7	32.9	8.9	136.6	56.5	16	0	0	2	80	13.6	18.1	313	1667	69	20	133	0.05	0	154	9	0.2	141	4.1	105	10.7	12	5.1	2.5	1	68	40	71	1	NA	NA
003017400016	Rat230_2	0510	11	1	Liver	A	acarbose	ACA	00116	Rat	in vivo	Single	Male	Crj:CD(SD)IGS	Gavage	6	9 hr	300	mg/kg	Middle	192.4	7.378	1.866	0.963	0.903	625	12.8	40.1	64.2	20.4	31.8	8.9	119.4	111.5	11	0	0	2	85	13.6	16.9	269	1301	70	33	126	0.06	0	180	10	0.2	139	4.1	103	10.1	10.8	4.9	2.3	0.9	70	28	47	1	NA	NA
No ChipData	NA	0510	11	2	Liver	NA	acarbose	ACA	00116	Rat	in vivo	Single	Male	Crj:CD(SD)IGS	Gavage	6	9 hr	300	mg/kg	Middle	189.6	7.499	1.727	0.865	0.862	724	14.3	44.2	61.1	19.7	32.3	7.8	143.1	96.8	17	1	1	2	79	13.8	17.2	306	1466	65	52	121	0.06	0	162	7	0.2	141	3.6	106	10.4	9.6	5.4	2.5	0.9	73	40	64	2	NA	NA
003017400017	Rat230_2	0510	11	3	Liver	A	acarbose	ACA	00116	Rat	in vivo	Single	Male	Crj:CD(SD)IGS	Gavage	6	9 hr	300	mg/kg	Middle	195.1	7.282	1.903	0.934	0.969	674	13.8	43.2	64	20.4	31.9	8.9	109	61.4	13	1	1	2	83	13	17.2	273	1360	86	19	133	0.07	0	167	8	0.1	141	3.8	105	10	11.2	5.2	2.4	0.9	83	41	69	1	NA	NA
No ChipData	NA	0510	11	4	Liver	NA	acarbose	ACA	00116	Rat	in vivo	Single	Male	Crj:CD(SD)IGS	Gavage	6	9 hr	300	mg/kg	Middle	201.2	8.393	1.956	0.958	0.998	629	13.6	42.6	67.7	21.6	31.9	8.7	106.4	78	16	1	0	3	80	13	18.2	308	1204	86	56	154	0.06	0	187	11	0.2	143	3.9	105	10.9	10.6	5.3	2.5	0.9	71	33	59	1	NA	NA
003017400018	Rat230_2	0510	11	5	Liver	A	acarbose	ACA	00116	Rat	in vivo	Single	Male	Crj:CD(SD)IGS	Gavage	6	9 hr	300	mg/kg	Middle	197.9	7.731	2.047	1.024	1.023	599	12.8	40	66.8	21.3	31.9	9.4	121	75.8	21	1	0	2	75	13.6	15.3	308	1435	78	21	123	0.05	0	153	7	0.2	143	3.8	108	10.2	11.1	5.3	2.5	0.9	83	42	66	1	NA	NA
No ChipData	NA	0510	12	1	Liver	NA	acarbose	ACA	00116	Rat	in vivo	Single	Male	Crj:CD(SD)IGS	Gavage	6	24 hr	300	mg/kg	Middle	205.1	10.362	1.724	0.894	0.83	612	13.2	40.2	65.6	21.6	32.8	8.5	126.1	121.1	14	1	0	2	83	13.2	15.5	261	1761	76	111	149	0.06	0.01	186	16	0.2	143	3.7	105	10.9	8.2	5.4	2.5	0.9	72	44	68	1	NA	NA
003017400028	Rat230_2	0510	12	2	Liver	A	acarbose	ACA	00116	Rat	in vivo	Single	Male	Crj:CD(SD)IGS	Gavage	6	24 hr	300	mg/kg	Middle	214.7	10.637	2.056	1.002	1.054	581	12.9	39.7	68.3	22.2	32.5	9.2	107	83.6	18	1	0	4	76	13.1	16.7	260	1876	89	66	158	0.07	0.01	175	13	0.2	141	4.5	102	10.7	8.6	5.4	2.5	0.9	72	44	67	1	NA	NA
No ChipData	NA	0510	12	3	Liver	NA	acarbose	ACA	00116	Rat	in vivo	Single	Male	Crj:CD(SD)IGS	Gavage	6	24 hr	300	mg/kg	Middle	217.9	9.714	1.93	0.947	0.983	608	12.8	38.8	63.9	21.1	32.9	7.6	117.5	90.3	26	1	0	3	69	13.4	17.8	219	1876	68	84	131	0.06	0.02	178	13	0.2	141	3.9	105	11	6.9	5.5	2.6	0.9	71	38	56	1	NA	NA
003017400029	Rat230_2	0510	12	4	Liver	A	acarbose	ACA	00116	Rat	in vivo	Single	Male	Crj:CD(SD)IGS	Gavage	6	24 hr	300	mg/kg	Middle	207.7	8.844	1.684	0.828	0.856	621	13.3	40.5	65.1	21.5	32.9	7.5	128.3	118	17	1	0	4	77	12.9	19.5	266	1355	59	34	112	0.07	0.01	180	12	0.2	144	3.8	106	11.1	8.5	5.3	2.6	1	72	43	58	1	NA	NA
003017400030	Rat230_2	0510	12	5	Liver	A	acarbose	ACA	00116	Rat	in vivo	Single	Male	Crj:CD(SD)IGS	Gavage	6	24 hr	300	mg/kg	Middle	208.5	9.821	1.815	0.919	0.896	665	13.3	42	63.1	20	31.7	6.4	126.2	97.8	19	1	0	4	75	14	15.8	236	1812	64	75	124	0.05	0.01	163	13	0.2	144	3.8	106	10.9	7.8	5.4	2.6	0.9	72	42	54	1	NA	NA
003017401013	Rat230_2	0510	13	1	Liver	A	acarbose	ACA	00116	Rat	in vivo	Single	Male	Crj:CD(SD)IGS	Gavage	6	3 hr	1000	mg/kg	High	195	9.065	1.918	0.941	0.977	663	13.7	41.2	62.2	20.7	33.2	7.3	111.1	89.7	9	0	0	2	88	12.8	18.8	358	1373	74	61	138	0.05	0	164	11	0.2	140	4	104	10.9	9.6	5.6	2.7	0.9	69	40	73	1	NA	NA
No ChipData	NA	0510	13	2	Liver	NA	acarbose	ACA	00116	Rat	in vivo	Single	Male	Crj:CD(SD)IGS	Gavage	6	3 hr	1000	mg/kg	High	209.5	8.192	1.703	0.874	0.829	674	14	43	63.8	20.8	32.6	8	127.7	121.8	8	1	0	2	88	13.2	16.2	279	1685	62	40	116	0.07	0.01	156	13	0.2	141	4.2	104	11.1	9.4	5.1	2.5	1	73	43	59	1	NA	NA
No ChipData	NA	0510	13	3	Liver	NA	acarbose	ACA	00116	Rat	in vivo	Single	Male	Crj:CD(SD)IGS	Gavage	6	3 hr	1000	mg/kg	High	190.3	7.483	1.63	0.819	0.811	665	14	42.5	63.9	21.1	33	8	111	62.5	21	2	0	2	75	12.9	19.3	259	1346	72	31	132	0.05	0	154	8	0.2	140	4.1	106	10.4	9.7	5.1	2.5	1	72	37	68	1	NA	NA
003017401014	Rat230_2	0510	13	4	Liver	A	acarbose	ACA	00116	Rat	in vivo	Single	Male	Crj:CD(SD)IGS	Gavage	6	3 hr	1000	mg/kg	High	198.3	7.961	1.679	0.816	0.863	659	13.5	41.8	63.5	20.6	32.4	8.8	114.2	100.7	13	1	0	3	83	13.6	17.7	255	1522	72	38	132	0.05	0	177	9	0.2	143	3.5	103	11.3	10	5.2	2.5	0.9	79	40	63	1	NA	NA
003017401015	Rat230_2	0510	13	5	Liver	A	acarbose	ACA	00116	Rat	in vivo	Single	Male	Crj:CD(SD)IGS	Gavage	6	3 hr	1000	mg/kg	High	193.1	8.46	1.726	0.849	0.877	659	13.5	41.7	63.2	20.4	32.4	7.7	116.2	69.5	18	1	0	2	78	13.6	15.4	295	1497	77	56	139	0.05	0.01	180	12	0.2	143	4.3	105	11.5	11.4	5.2	2.5	0.9	75	30	50	1	NA	NA
No ChipData	NA	0510	14	1	Liver	NA	acarbose	ACA	00116	Rat	in vivo	Single	Male	Crj:CD(SD)IGS	Gavage	6	6 hr	1000	mg/kg	High	192.3	8.267	1.737	0.864	0.873	656	13.6	42.2	64.2	20.8	32.3	7.2	111.9	92.6	12	1	0	4	82	13.4	18.4	266	1408	80	87	148	0.07	0.01	174	12	0.2	141	4.2	104	10.9	10.2	5.3	2.5	0.9	71	41	47	1	NA	NA
No ChipData	NA	0510	14	2	Liver	NA	acarbose	ACA	00116	Rat	in vivo	Single	Male	Crj:CD(SD)IGS	Gavage	6	6 hr	1000	mg/kg	High	204.8	7.753	1.98	0.986	0.994	633	12.8	39.5	62.3	20.3	32.5	8.2	109	68.2	16	1	0	3	80	13.2	16.8	243	1569	68	23	120	0.09	0.01	154	7	0.2	139	4.2	103	9.6	9.5	5	2.4	0.9	76	31	68	1	NA	NA
003017401025	Rat230_2	0510	14	3	Liver	A	acarbose	ACA	00116	Rat	in vivo	Single	Male	Crj:CD(SD)IGS	Gavage	6	6 hr	1000	mg/kg	High	198	8.016	1.762	0.848	0.914	615	13.4	40.5	65.9	21.8	33.1	8.2	121.7	87	23	1	0	2	72	13.6	16.4	270	1261	62	33	118	0.05	0	171	11	0.2	140	3.7	105	10.8	9.4	4.8	2.3	0.9	74	32	70	1	NA	NA
003017401026	Rat230_2	0510	14	4	Liver	A	acarbose	ACA	00116	Rat	in vivo	Single	Male	Crj:CD(SD)IGS	Gavage	6	6 hr	1000	mg/kg	High	195.1	7.608	1.691	0.835	0.856	657	13.3	41.4	63	20.2	32	8.7	104.6	78.9	21	1	0	4	73	13.5	16.1	282	1145	76	18	131	0.06	0	179	8	0.2	141	4	103	10.9	10	4.9	2.3	0.9	71	36	53	1	NA	NA
003017401027	Rat230_2	0510	14	5	Liver	A	acarbose	ACA	00116	Rat	in vivo	Single	Male	Crj:CD(SD)IGS	Gavage	6	6 hr	1000	mg/kg	High	202.3	7.599	1.673	0.818	0.855	641	13.6	42	65.5	21.3	32.5	8.5	146.7	81.8	29	1	0	2	67	13.6	17.7	271	1413	75	16	127	0.06	0	158	9	0.2	141	3.7	105	10.7	10.8	5.1	2.4	0.9	77	32	70	1	NA	NA
No ChipData	NA	0510	15	1	Liver	NA	acarbose	ACA	00116	Rat	in vivo	Single	Male	Crj:CD(SD)IGS	Gavage	6	9 hr	1000	mg/kg	High	201.1	7.614	1.923	0.965	0.958	602	13.6	40.9	67.9	22.5	33.2	8.8	119.7	118	22	1	0	2	75	13.5	16.9	273	1454	62	20	108	0.06	0.01	189	7	0.2	139	4.1	104	10.6	9.3	5.3	2.5	0.9	81	36	94	1	NA	NA
No ChipData	NA	0510	15	2	Liver	NA	acarbose	ACA	00116	Rat	in vivo	Single	Male	Crj:CD(SD)IGS	Gavage	6	9 hr	1000	mg/kg	High	189	7.342	1.766	0.887	0.879	615	13.2	40.7	66.1	21.5	32.5	8.6	123.6	110	13	0	1	2	83	13.5	15.2	294	1425	74	49	128	0.07	0	152	9	0.2	142	3.9	105	10.5	10.4	5.1	2.4	0.9	68	36	56	1	NA	NA
003017400019	Rat230_2	0510	15	3	Liver	A	acarbose	ACA	00116	Rat	in vivo	Single	Male	Crj:CD(SD)IGS	Gavage	6	9 hr	1000	mg/kg	High	191.6	7.23	1.824	0.935	0.889	689	13.9	42.8	62.2	20.1	32.3	7.1	120.5	81.3	17	1	0	2	79	13.3	21.8	318	1033	68	23	123	0.06	0	170	9	0.2	143	3.6	105	10.2	10.1	5.1	2.4	0.9	82	43	60	1	NA	NA
003017400020	Rat230_2	0510	15	4	Liver	A	acarbose	ACA	00116	Rat	in vivo	Single	Male	Crj:CD(SD)IGS	Gavage	6	9 hr	1000	mg/kg	High	199.7	7.66	1.85	0.963	0.887	684	13.6	42.8	62.6	19.9	31.7	7.7	98.2	65.5	20	1	1	2	76	13.6	15.9	303	1505	63	15	103	0.07	0	174	9	0.2	143	3.5	106	10.7	10.3	5.4	2.6	0.9	72	32	59	2	NA	NA
003017400021	Rat230_2	0510	15	5	Liver	A	acarbose	ACA	00116	Rat	in vivo	Single	Male	Crj:CD(SD)IGS	Gavage	6	9 hr	1000	mg/kg	High	196.6	7.024	1.724	0.865	0.859	682	13.6	42.5	62.3	20	32	7.3	126.9	60.5	18	1	0	3	78	13.3	15.1	342	1870	87	13	133	0.06	0	159	10	0.2	143	3.9	106	10.8	10.5	5.4	2.6	0.9	76	33	67	1	NA	NA
003017401001	Rat230_2	0510	16	1	Liver	A	acarbose	ACA	00116	Rat	in vivo	Single	Male	Crj:CD(SD)IGS	Gavage	6	24 hr	1000	mg/kg	High	214.2	9.589	1.761	0.898	0.863	649	13.5	41.6	64.1	20.8	32.4	8	119.1	114.3	22	1	0	3	74	12.9	15.6	292	2024	83	80	140	0.07	0.01	189	15	0.2	141	4.2	105	10.6	7.4	5.2	2.5	0.9	76	47	85	1	NA	NA
No ChipData	NA	0510	16	2	Liver	NA	acarbose	ACA	00116	Rat	in vivo	Single	Male	Crj:CD(SD)IGS	Gavage	6	24 hr	1000	mg/kg	High	222.5	11.46	2.017	0.991	1.026	651	13.5	41.2	63.3	20.7	32.7	7.9	131.8	111.3	19	1	0	3	76	13.2	16.2	250	1653	68	80	132	0.06	0.01	161	19	0.2	140	4.4	104	11	7.5	5.5	2.6	0.9	62	35	78	1	NA	NA
003017401002	Rat230_2	0510	16	3	Liver	A	acarbose	ACA	00116	Rat	in vivo	Single	Male	Crj:CD(SD)IGS	Gavage	6	24 hr	1000	mg/kg	High	207	9.712	1.88	0.955	0.925	644	13.5	40.6	63.1	21	33.2	7.2	106.5	92.8	20	1	0	2	75	12.8	17.3	324	2060	80	103	141	0.06	0.01	179	13	0.2	145	4	106	10.7	7.6	5.7	2.7	0.9	70	39	56	1	NA	NA
No ChipData	NA	0510	16	4	Liver	NA	acarbose	ACA	00116	Rat	in vivo	Single	Male	Crj:CD(SD)IGS	Gavage	6	24 hr	1000	mg/kg	High	203.7	9.385	1.728	0.856	0.872	650	13.5	41.5	63.8	20.8	32.5	7.6	115.9	91.4	28	2	0	2	68	12.8	22.7	262	1314	67	54	129	0.05	0.01	162	14	0.2	144	3.7	107	10.9	7.8	5.7	2.7	0.9	77	47	57	1	NA	NA
003017402020	Rat230_2	0510	16	5	Liver	A	acarbose	ACA	00116	Rat	in vivo	Single	Male	Crj:CD(SD)IGS	Gavage	6	24 hr	1000	mg/kg	High	215.9	9.033	1.797	0.879	0.918	598	12.8	39.5	66	21.4	32.4	8.8	117.6	107.9	26	1	0	4	68	13.5	21.9	329	1404	63	37	121	0.06	0.01	176	12	0.2	144	3.9	106	10.5	9.3	5.4	2.6	0.9	92	54	55	1	NA	NA
